{
    "model_type": "logistic_regression",
    "intercept": 0.0244621250276159,
    "coefficients": {
        "btc_price_t_minus_1": -0.0004999860684390176,
        "btc_mom_5m": 0.003961001952417614,
        "btc_mom_10m": 0.004149004940815189,
        "btc_mom_15m": 0.004618679853027496,
        "btc_mom_30m": 0.005566530836882858,
        "btc_vol_15m": 0.0026470775893607163,
        "btc_sma_10m": -0.0005807200660579145,
        "btc_sma_30m": -0.0006782892986194429,
        "btc_ema_12m": -0.0005872581131346414,
        "btc_ema_26m": -0.0006487919850788104,
        "btc_rsi": 0.003552725187480194,
        "distance_to_strike": 0.08886876911278302,
        "time_until_market_close_min": 0.026580759420451194,
        "hour_of_day_utc": -0.0012774529991727364,
        "day_of_week_utc": -0.0030007832969778424,
        "hour_of_day_edt": -0.0028235847203409354,
        "kalshi_yes_bid": 0.16260409884401325,
        "kalshi_yes_ask": 0.16391206038910125,
        "kalshi_spread": -0.0077278333747888405,
        "kalshi_mid_price": 0.16745825235867834,
        "kalshi_volume_t_minus_1": -0.003915978659667209,
        "kalshi_open_interest_t_minus_1": -0.00774940301165466,
        "kalshi_mid_chg_1m": 0.0005241671154600046,
        "kalshi_mid_chg_3m": 0.005127524697169524,
        "kalshi_mid_chg_5m": 0.008865877061650467
    },
    "feature_order": [
        "btc_price_t_minus_1",
        "btc_mom_5m",
        "btc_mom_10m",
        "btc_mom_15m",
        "btc_mom_30m",
        "btc_vol_15m",
        "btc_sma_10m",
        "btc_sma_30m",
        "btc_ema_12m",
        "btc_ema_26m",
        "btc_rsi",
        "distance_to_strike",
        "time_until_market_close_min",
        "hour_of_day_utc",
        "day_of_week_utc",
        "hour_of_day_edt",
        "kalshi_yes_bid",
        "kalshi_yes_ask",
        "kalshi_spread",
        "kalshi_mid_price",
        "kalshi_volume_t_minus_1",
        "kalshi_open_interest_t_minus_1",
        "kalshi_mid_chg_1m",
        "kalshi_mid_chg_3m",
        "kalshi_mid_chg_5m"
    ],
    "classes": [
        0,
        1
    ]
}