{
    "model_type": "logistic_regression",
    "intercept": 0.24989323307992878,
    "coefficients": {
        "btc_price_t_minus_1": 0.06119900987099832,
        "btc_mom_5m": 0.09782545949906502,
        "btc_mom_10m": 0.02403376203423968,
        "btc_mom_15m": 0.009657809502654095,
        "btc_mom_30m": -0.007648824454257456,
        "btc_vol_15m": 0.008090597332552473,
        "btc_sma_10m": 0.057513452375780746,
        "btc_sma_30m": 0.05938050722851163,
        "btc_ema_12m": 0.05784181455272144,
        "btc_ema_26m": 0.05894762099807065,
        "btc_rsi": -0.02373468051592181,
        "distance_to_strike": 0.15241841394022415,
        "time_until_market_close_min": 0.5999069532634741,
        "hour_of_day_utc": -0.00790970620721923,
        "day_of_week_utc": -0.18514516506361678,
        "hour_of_day_edt": -0.05842515601082598,
        "kalshi_yes_bid": 0.9550773177108884,
        "kalshi_yes_ask": 0.8901015712031011,
        "kalshi_spread": -0.20571882570685285,
        "kalshi_mid_price": 0.9468660684386987,
        "kalshi_volume_t_minus_1": -0.044730019721358524,
        "kalshi_open_interest_t_minus_1": -0.11832358080871125,
        "kalshi_mid_chg_1m": -0.039721956880433486,
        "kalshi_mid_chg_3m": -0.05330760980976477,
        "kalshi_mid_chg_5m": -0.09831591453480404
    },
    "feature_order": [
        "btc_price_t_minus_1",
        "btc_mom_5m",
        "btc_mom_10m",
        "btc_mom_15m",
        "btc_mom_30m",
        "btc_vol_15m",
        "btc_sma_10m",
        "btc_sma_30m",
        "btc_ema_12m",
        "btc_ema_26m",
        "btc_rsi",
        "distance_to_strike",
        "time_until_market_close_min",
        "hour_of_day_utc",
        "day_of_week_utc",
        "hour_of_day_edt",
        "kalshi_yes_bid",
        "kalshi_yes_ask",
        "kalshi_spread",
        "kalshi_mid_price",
        "kalshi_volume_t_minus_1",
        "kalshi_open_interest_t_minus_1",
        "kalshi_mid_chg_1m",
        "kalshi_mid_chg_3m",
        "kalshi_mid_chg_5m"
    ],
    "classes": [
        0,
        1
    ]
}