{
    "intercept": 79.47024528496708,
    "coefficients": {
        "btc_price_t_minus_1": 3084.4561469399277,
        "btc_mom_5m": 3.0329577670230172,
        "btc_mom_10m": -5.17563564797041,
        "btc_mom_15m": -1.1982188176260185,
        "btc_mom_30m": -1.9766765985958146,
        "btc_vol_15m": -2.228165635378088,
        "btc_sma_10m": -1256.7513615504604,
        "btc_sma_30m": 554.0060694058354,
        "btc_ema_12m": 390.314753551397,
        "btc_ema_26m": -2640.2135315603546,
        "btc_rsi": -13.302473518022438,
        "distance_to_strike": 548.4612821280576,
        "time_until_market_close_min": 449.7732231382143,
        "hour_of_day_utc": -3.634345828259102,
        "day_of_week_utc": -80.98943102674312,
        "hour_of_day_edt": -19.141077344979127,
        "kalshi_yes_bid": 231.6950927751363,
        "kalshi_yes_ask": 254.78067206307134,
        "kalshi_spread": 35.81694208871596,
        "kalshi_mid_price": 249.337701912039,
        "kalshi_volume_t_minus_1": -0.40065671847452106,
        "kalshi_open_interest_t_minus_1": -4.217239433787667,
        "kalshi_mid_chg_1m": -13.152041637332015,
        "kalshi_mid_chg_3m": -21.66240931862147,
        "kalshi_mid_chg_5m": -66.0683464116414
    },
    "feature_order": [
        "btc_price_t_minus_1",
        "btc_mom_5m",
        "btc_mom_10m",
        "btc_mom_15m",
        "btc_mom_30m",
        "btc_vol_15m",
        "btc_sma_10m",
        "btc_sma_30m",
        "btc_ema_12m",
        "btc_ema_26m",
        "btc_rsi",
        "distance_to_strike",
        "time_until_market_close_min",
        "hour_of_day_utc",
        "day_of_week_utc",
        "hour_of_day_edt",
        "kalshi_yes_bid",
        "kalshi_yes_ask",
        "kalshi_spread",
        "kalshi_mid_price",
        "kalshi_volume_t_minus_1",
        "kalshi_open_interest_t_minus_1",
        "kalshi_mid_chg_1m",
        "kalshi_mid_chg_3m",
        "kalshi_mid_chg_5m"
    ]
}